id,name,total_experience,current_designation,overview
1,Michael Carpenter,2,Data Engineer,managed database solutions in PostgreSQL/MongoDB. contributed to data modeling and query optimization. supported analytics with BI tools integration. built data pipelines using AWS Glue/Dataflow.
2,Katie Turner,10,Sr Data Engineer,integrated streaming data processing using Kafka/Spark. drove cloud migrations and optimizations. developed scalable ETL pipelines in Python/Java. enhanced data warehousing strategies with Redshift/BigQuery.
3,Michael Graham,10,Sr Data Engineer,drove cloud migrations and optimizations. developed scalable ETL pipelines in Python/Java. enhanced data warehousing strategies with Redshift/BigQuery. integrated streaming data processing using Kafka/Spark.
4,Paul Martin,13,Lead Data Engineer,architected enterprise data solutions on AWS/GCP. led big data initiatives with Hadoop/Spark ecosystems. optimized data pipelines for real-time analytics. implemented robust data governance and security.
5,Robert Sullivan,7,Sr Data Engineer,enhanced data warehousing strategies with Redshift/BigQuery. integrated streaming data processing using Kafka/Spark. drove cloud migrations and optimizations. developed scalable ETL pipelines in Python/Java.
6,Jerry Jones,5,Sr Data Engineer,integrated streaming data processing using Kafka/Spark. drove cloud migrations and optimizations. developed scalable ETL pipelines in Python/Java. enhanced data warehousing strategies with Redshift/BigQuery.
7,Gregory Andrews,18,Lead Data Engineer,implemented robust data governance and security. architected enterprise data solutions on AWS/GCP. led big data initiatives with Hadoop/Spark ecosystems. optimized data pipelines for real-time analytics.
8,Jon Wagner,4,Data Engineer,built data pipelines using AWS Glue/Dataflow. managed database solutions in PostgreSQL/MongoDB. contributed to data modeling and query optimization. supported analytics with BI tools integration.
9,Morgan Roy,6,Sr Data Engineer,enhanced data warehousing strategies with Redshift/BigQuery. integrated streaming data processing using Kafka/Spark. drove cloud migrations and optimizations. developed scalable ETL pipelines in Python/Java.
10,Eduardo Sweeney,19,Lead Data Engineer,optimized data pipelines for real-time analytics. implemented robust data governance and security. architected enterprise data solutions on AWS/GCP. led big data initiatives with Hadoop/Spark ecosystems.
11,Adam Park,14,Lead Data Engineer,implemented robust data governance and security. architected enterprise data solutions on AWS/GCP. led big data initiatives with Hadoop/Spark ecosystems. optimized data pipelines for real-time analytics.
12,Margaret Skinner,4,Data Engineer,built data pipelines using AWS Glue/Dataflow. managed database solutions in PostgreSQL/MongoDB. contributed to data modeling and query optimization. supported analytics with BI tools integration.
13,Laura Thompson DDS,18,Lead Data Engineer,led big data initiatives with Hadoop/Spark ecosystems. optimized data pipelines for real-time analytics. implemented robust data governance and security. architected enterprise data solutions on AWS/GCP.
14,Ronald Weaver,15,Lead Data Engineer,optimized data pipelines for real-time analytics. implemented robust data governance and security. architected enterprise data solutions on AWS/GCP. led big data initiatives with Hadoop/Spark ecosystems.
15,Courtney Mcdonald,9,Sr Data Engineer,drove cloud migrations and optimizations. developed scalable ETL pipelines in Python/Java. enhanced data warehousing strategies with Redshift/BigQuery. integrated streaming data processing using Kafka/Spark.
16,Raven Fletcher,16,Lead Data Engineer,architected enterprise data solutions on AWS/GCP. led big data initiatives with Hadoop/Spark ecosystems. optimized data pipelines for real-time analytics. implemented robust data governance and security.
17,Ricky Rubio,9,Sr Data Engineer,enhanced data warehousing strategies with Redshift/BigQuery. integrated streaming data processing using Kafka/Spark. drove cloud migrations and optimizations. developed scalable ETL pipelines in Python/Java.
18,Jim Rogers,3,Data Engineer,contributed to data modeling and query optimization. supported analytics with BI tools integration. built data pipelines using AWS Glue/Dataflow. managed database solutions in PostgreSQL/MongoDB.
19,Michaela Dixon,3,Data Engineer,supported analytics with BI tools integration. built data pipelines using AWS Glue/Dataflow. managed database solutions in PostgreSQL/MongoDB. contributed to data modeling and query optimization.
20,John Maddox,17,Lead Data Engineer,architected enterprise data solutions on AWS/GCP. led big data initiatives with Hadoop/Spark ecosystems. optimized data pipelines for real-time analytics. implemented robust data governance and security.
21,Mr. James Mitchell DDS,2,Jr Data Analyst,created visual reports for stakeholder presentations. supported analytics projects with SQL and Excel. engaged in ongoing analytics tools and techniques training. assisted in data cleanup and preliminary analysis.
22,Virginia Owens,6,Sr Data Analyst,collaborated on cross-functional data-driven decision making. managed large-scale datasets and reporting systems. conducted advanced statistical analysis for market trends. led the implementation of analytics dashboards.
23,Matthew Spears,6,Sr Data Analyst,managed large-scale datasets and reporting systems. conducted advanced statistical analysis for market trends. led the implementation of analytics dashboards. collaborated on cross-functional data-driven decision making.
24,Kenneth Rodriguez,8,Sr Data Analyst,conducted advanced statistical analysis for market trends. led the implementation of analytics dashboards. collaborated on cross-functional data-driven decision making. managed large-scale datasets and reporting systems.
25,Andrea Stevens,18,Lead Data Analyst,"spearheaded BI solutions with Tableau/PowerBI. translated complex datasets into strategic recommendations. oversaw data governance and quality control measures. directed data analysis projects, delivering actionable insights."
26,Amanda Whitney,5,Jr Data Analyst,supported analytics projects with SQL and Excel. engaged in ongoing analytics tools and techniques training. assisted in data cleanup and preliminary analysis. created visual reports for stakeholder presentations.
27,Sarah Spears,3,Jr Data Analyst,engaged in ongoing analytics tools and techniques training. assisted in data cleanup and preliminary analysis. created visual reports for stakeholder presentations. supported analytics projects with SQL and Excel.
28,Olivia Dunn,4,Jr Data Analyst,assisted in data cleanup and preliminary analysis. created visual reports for stakeholder presentations. supported analytics projects with SQL and Excel. engaged in ongoing analytics tools and techniques training.
29,Tanya Reynolds,7,Sr Data Analyst,led the implementation of analytics dashboards. collaborated on cross-functional data-driven decision making. managed large-scale datasets and reporting systems. conducted advanced statistical analysis for market trends.
30,Brent Goodwin,3,Jr Data Analyst,supported analytics projects with SQL and Excel. engaged in ongoing analytics tools and techniques training. assisted in data cleanup and preliminary analysis. created visual reports for stakeholder presentations.
31,Logan Good,1,Jr Data Scientist,participated in AI workshops and continuous learning. supported the development of statistical models. contributed to data preprocessing and exploratory analysis. collaborated on ML projects with Python/R.
32,Cathy Watson,14,Lead Data Scientist,pioneered AI/ML initiatives to solve complex challenges. leveraged deep learning for predictive analytics models. oversaw the integration of ML models into production. championed data-driven strategies across the organization.
33,Kathryn Peterson,5,Jr Data Scientist,contributed to data preprocessing and exploratory analysis. collaborated on ML projects with Python/R. participated in AI workshops and continuous learning. supported the development of statistical models.
34,Caitlyn Obrien,8,Sr Data Scientist,optimized algorithms for operational efficiency. conducted research on emerging AI technologies. developed ML models for customer segmentation. applied NLP techniques for sentiment analysis.
35,Scott Long,7,Sr Data Scientist,conducted research on emerging AI technologies. developed ML models for customer segmentation. applied NLP techniques for sentiment analysis. optimized algorithms for operational efficiency.
36,Samuel Knight,10,Lead Software Engineer,architected and delivered complex software solutions. led development teams in agile environments. drove innovations in software architecture and design. ensured high-quality code and system reliability.
37,Lori Jordan,9,Sr Software Engineer,implemented RESTful services and APIs. enhanced application performance and scalability. mentored junior engineers and reviewed code. contributed to full-stack development projects.
38,Joan Mathews,11,Lead Software Engineer,drove innovations in software architecture and design. ensured high-quality code and system reliability. architected and delivered complex software solutions. led development teams in agile environments.
39,Nicholas Flores,4,Jr Software Engineer,assisted in database management and migrations. supported backend development with Node.js/Java. engaged in frontend development with React/Angular. participated in code reviews and unit testing.
40,Michelle Schultz,2,Jr Software Engineer,supported backend development with Node.js/Java. engaged in frontend development with React/Angular. participated in code reviews and unit testing. assisted in database management and migrations.
41,Valerie Larsen,6,Sr Software Engineer,implemented RESTful services and APIs. enhanced application performance and scalability. mentored junior engineers and reviewed code. contributed to full-stack development projects.
42,Casey Johnston,3,Jr Software Engineer,participated in code reviews and unit testing. assisted in database management and migrations. supported backend development with Node.js/Java. engaged in frontend development with React/Angular.
43,Jason Bowman,6,Sr Software Engineer,mentored junior engineers and reviewed code. contributed to full-stack development projects. implemented RESTful services and APIs. enhanced application performance and scalability.
44,Christine Gray,8,Sr Software Engineer,contributed to full-stack development projects. implemented RESTful services and APIs. enhanced application performance and scalability. mentored junior engineers and reviewed code.
45,Ann Ramos,16,Lead Software Engineer,led development teams in agile environments. drove innovations in software architecture and design. ensured high-quality code and system reliability. architected and delivered complex software solutions.
46,Amy Patterson,2,Product Manager,coordinated go-to-market and product launch activities. collaborated with engineering and design teams. led product strategy and roadmap development. conducted user research and competitive analysis.
47,Geoffrey Perez,3,Product Manager,collaborated with engineering and design teams. led product strategy and roadmap development. conducted user research and competitive analysis. coordinated go-to-market and product launch activities.
48,Thomas Blankenship,4,Product Manager,led product strategy and roadmap development. conducted user research and competitive analysis. coordinated go-to-market and product launch activities. collaborated with engineering and design teams.
49,Christopher Williams,2,Product Manager,conducted user research and competitive analysis. coordinated go-to-market and product launch activities. collaborated with engineering and design teams. led product strategy and roadmap development.
50,Sara Newman,4,Product Manager,coordinated go-to-market and product launch activities. collaborated with engineering and design teams. led product strategy and roadmap development. conducted user research and competitive analysis.
51,Bobby Thomas,4,Product Manager,collaborated with engineering and design teams. led product strategy and roadmap development. conducted user research and competitive analysis. coordinated go-to-market and product launch activities.
52,Michael Campbell,5,Product Manager,led product strategy and roadmap development. conducted user research and competitive analysis. coordinated go-to-market and product launch activities. collaborated with engineering and design teams.
53,Jo Harris,2,Product Manager,conducted user research and competitive analysis. coordinated go-to-market and product launch activities. collaborated with engineering and design teams. led product strategy and roadmap development.
54,Diane Garcia,3,Product Manager,coordinated go-to-market and product launch activities. collaborated with engineering and design teams. led product strategy and roadmap development. conducted user research and competitive analysis.
55,Daniel Odonnell,4,Product Manager,collaborated with engineering and design teams. led product strategy and roadmap development. conducted user research and competitive analysis. coordinated go-to-market and product launch activities.
